Course Code,Section,Date,Day,Start Time,End Time,Room
ME350,B,2026-09-19,Saturday,11:00,12:00,Design Studio
EC330,A,2026-09-19,Saturday,10:00,11:00,Room 212
PH315,B,2026-09-19,Saturday,09:00,10:00,Physics Lab
MA310,A,2026-09-18,Friday,11:00,12:00,Room 307
CS320,C,2026-09-18,Friday,10:00,11:00,Comp. Laboratory
HU205,A,2026-09-18,Friday,09:00,10:00,Room 205
ME280,C,2026-09-17,Thursday,14:00,15:00,Room 118
EC270,B,2026-09-17,Thursday,10:00,11:00,Electronics Lab
PH260,A,2026-09-17,Thursday,09:00,10:00,Room 202
MA250,B,2026-09-16,Wednesday,13:00,14:00,Room 306
CS250,A,2026-09-16,Wednesday,11:00,12:00,Computer Lab
HU105,D,2026-09-16,Wednesday,10:00,11:00,Seminar Hall
ME240,A,2026-09-15,Tuesday,13:00,14:00,Workshop 2
EC230,C,2026-09-15,Tuesday,09:00,10:00,Room 110
PH210,A,2026-09-14,Monday,11:00,12:00,Physics Lab
MA201,A,2026-09-14,Monday,09:00,10:00,Lecture Hall 1
CS220,B,2026-09-18,Friday,14:00,15:00,Room 101
CS305,B,2026-09-14,Monday,10:00,11:00,Room 204
CS201,A,2026-09-15,Tuesday,10:00,11:00,Room 204